,tenure,MonthlyCharges,TotalCharges
count,7043.0,7043.0,7043.0
mean,32.37114865824223,64.76169246059918,2281.9169281556156
std,24.55948102309446,30.090047097678493,2265.270398482188
min,0.0,18.25,18.8
25%,9.0,35.5,402.225
50%,29.0,70.35,1397.475
75%,55.0,89.85,3786.6
max,72.0,118.75,8684.8
